BkChpNdx,NumVrs,NumWrd,BkAbbr,ChNdx
257,31,797,Gen,1
258,25,632,Gen,2
259,24,695,Gen,3
260,26,632,Gen,4
261,32,504,Gen,5
262,22,579,Gen,6
263,24,584,Gen,7
264,22,586,Gen,8
265,29,658,Gen,9
266,32,495,Gen,10
267,32,606,Gen,11
268,20,536,Gen,12
269,18,457,Gen,13
270,24,606,Gen,14
271,21,471,Gen,15
272,16,412,Gen,16
273,27,679,Gen,17
274,33,867,Gen,18
275,38,1108,Gen,19
276,18,498,Gen,20
277,34,774,Gen,21
278,24,629,Gen,22
279,20,539,Gen,23
280,67,1816,Gen,24
281,34,706,Gen,25
282,35,889,Gen,26
283,46,1262,Gen,27
284,22,621,Gen,28
285,35,830,Gen,29
286,43,1022,Gen,30
287,55,1417,Gen,31
288,32,794,Gen,32
289,20,508,Gen,33
290,31,790,Gen,34
291,29,664,Gen,35
292,43,845,Gen,36
293,36,942,Gen,37
294,30,819,Gen,38
295,23,666,Gen,39
296,23,580,Gen,40
297,57,1404,Gen,41
298,38,977,Gen,42
299,34,938,Gen,43
300,34,874,Gen,44
301,28,731,Gen,45
302,34,766,Gen,46
303,31,965,Gen,47
304,22,639,Gen,48
305,33,766,Gen,49
306,26,687,Gen,50
513,22,457,Exod,1
514,25,657,Exod,2
515,22,791,Exod,3
516,31,891,Exod,4
517,23,594,Exod,5
518,30,753,Exod,6
519,25,692,Exod,7
520,32,936,Exod,8
521,35,982,Exod,9
522,29,899,Exod,10
523,10,324,Exod,11
524,51,1493,Exod,12
525,22,675,Exod,13
526,31,931,Exod,14
527,27,713,Exod,15
528,36,1062,Exod,16
529,16,465,Exod,17
530,27,760,Exod,18
531,25,702,Exod,19
532,26,561,Exod,20
533,36,893,Exod,21
534,31,790,Exod,22
535,33,827,Exod,23
536,18,492,Exod,24
537,40,926,Exod,25
538,37,937,Exod,26
539,21,558,Exod,27
540,43,1235,Exod,28
541,46,1341,Exod,29
542,38,970,Exod,30
543,18,438,Exod,31
544,35,1093,Exod,32
545,23,710,Exod,33
546,35,1004,Exod,34
547,35,820,Exod,35
548,38,892,Exod,36
549,29,738,Exod,37
550,31,832,Exod,38
551,43,1030,Exod,39
552,38,821,Exod,40
769,17,525,Lev,1
770,16,486,Lev,2
771,17,511,Lev,3
772,35,1157,Lev,4
773,19,723,Lev,5
774,30,892,Lev,6
775,38,1056,Lev,7
776,36,988,Lev,8
777,24,624,Lev,9
778,20,628,Lev,10
779,47,1115,Lev,11
780,8,262,Lev,12
781,59,1857,Lev,13
782,57,1713,Lev,14
783,33,919,Lev,15
784,34,1157,Lev,16
785,16,553,Lev,17
786,30,667,Lev,18
787,37,898,Lev,19
788,27,836,Lev,20
789,24,587,Lev,21
790,33,879,Lev,22
791,44,1222,Lev,23
792,23,551,Lev,24
793,55,1532,Lev,25
794,46,1247,Lev,26
795,34,956,Lev,27
1025,54,1333,Num,1
1026,34,828,Num,2
1027,51,1291,Num,3
1028,49,1416,Num,4
1029,31,898,Num,5
1030,27,742,Num,6
1031,89,1939,Num,7
1032,26,687,Num,8
1033,23,722,Num,9
1034,36,891,Num,10
1035,35,1056,Num,11
1036,16,384,Num,12
1037,33,741,Num,13
1038,45,1181,Num,14
1039,41,1068,Num,15
1040,50,1341,Num,16
1041,13,335,Num,17
1042,32,1112,Num,18
1043,22,683,Num,19
1044,29,792,Num,20
1045,35,931,Num,21
1046,41,1201,Num,22
1047,30,743,Num,23
1048,25,659,Num,24
1049,18,445,Num,25
1050,65,1446,Num,26
1051,23,610,Num,27
1052,31,779,Num,28
1053,40,954,Num,29
1054,16,503,Num,30
1055,54,1208,Num,31
1056,42,1009,Num,32
1057,56,928,Num,33
1058,29,630,Num,34
1059,34,965,Num,35
1060,13,445,Num,36
1281,46,1262,Deut,1
1282,37,1021,Deut,2
1283,29,815,Deut,3
1284,49,1503,Deut,4
1285,33,921,Deut,5
1286,25,643,Deut,6
1287,26,843,Deut,7
1288,20,566,Deut,8
1289,29,963,Deut,9
1290,22,604,Deut,10
1291,32,950,Deut,11
1292,32,1055,Deut,12
1293,18,627,Deut,13
1294,29,708,Deut,14
1295,23,707,Deut,15
1296,22,710,Deut,16
1297,20,707,Deut,17
1298,22,611,Deut,18
1299,21,608,Deut,19
1300,20,646,Deut,20
1301,23,731,Deut,21
1302,30,894,Deut,22
1303,25,685,Deut,23
1304,22,681,Deut,24
1305,19,562,Deut,25
1306,19,667,Deut,26
1307,26,599,Deut,27
1308,68,2075,Deut,28
1309,29,851,Deut,29
1310,20,665,Deut,30
1311,30,1041,Deut,31
1312,52,1306,Deut,32
1313,29,805,Deut,33
1314,12,320,Deut,34
1537,18,573,Josh,1
1538,24,768,Josh,2
1539,17,566,Josh,3
1540,24,707,Josh,4
1541,15,550,Josh,5
1542,27,904,Josh,6
1543,26,927,Josh,7
1544,35,1221,Josh,8
1545,27,800,Josh,9
1546,43,1393,Josh,10
1547,23,717,Josh,11
1548,24,486,Josh,12
1549,33,825,Josh,13
1550,15,485,Josh,14
1551,63,1032,Josh,15
1552,10,253,Josh,16
1553,18,660,Josh,17
1554,28,770,Josh,18
1555,51,944,Josh,19
1556,9,308,Josh,20
1557,45,1026,Josh,21
1558,34,1321,Josh,22
1559,16,574,Josh,23
1560,33,1044,Josh,24
1793,36,962,Judg,1
1794,23,692,Judg,2
1795,31,842,Judg,3
1796,24,761,Judg,4
1797,31,755,Judg,5
1798,40,1295,Judg,6
1799,25,952,Judg,7
1800,35,987,Judg,8
1801,57,1667,Judg,9
1802,18,473,Judg,10
1803,40,1235,Judg,11
1804,15,399,Judg,12
1805,25,765,Judg,13
1806,20,706,Judg,14
1807,20,648,Judg,15
1808,31,1110,Judg,16
1809,13,385,Judg,17
1810,31,1035,Judg,18
1811,30,1102,Judg,19
1812,48,1455,Judg,20
1813,25,740,Judg,21
2049,22,649,Ruth,1
2050,23,763,Ruth,2
2051,18,541,Ruth,3
2052,22,621,Ruth,4
2305,28,782,1Sam,1
2306,36,1104,1Sam,2
2307,21,549,1Sam,3
2308,22,733,1Sam,4
2309,12,439,1Sam,5
2310,21,752,1Sam,6
2311,17,510,1Sam,7
2312,22,541,1Sam,8
2313,27,990,1Sam,9
2314,27,863,1Sam,10
2315,15,503,1Sam,11
2316,25,771,1Sam,12
2317,23,697,1Sam,13
2318,52,1606,1Sam,14
2319,35,981,1Sam,15
2320,23,680,1Sam,16
2321,58,1719,1Sam,17
2322,30,845,1Sam,18
2323,24,696,1Sam,19
2324,42,1289,1Sam,20
2325,15,499,1Sam,21
2326,23,761,1Sam,22
2327,29,831,1Sam,23
2328,22,661,1Sam,24
2329,44,1452,1Sam,25
2330,25,849,1Sam,26
2331,12,385,1Sam,27
2332,25,835,1Sam,28
2333,11,421,1Sam,29
2334,31,956,1Sam,30
2335,13,348,1Sam,31
2561,27,712,2Sam,1
2562,32,911,2Sam,2
2563,39,1143,2Sam,3
2564,12,434,2Sam,4
2565,25,624,2Sam,5
2566,23,713,2Sam,6
2567,29,858,2Sam,7
2568,18,447,2Sam,8
2569,13,408,2Sam,9
2570,19,608,2Sam,10
2571,27,814,2Sam,11
2572,31,992,2Sam,12
2573,39,1149,2Sam,13
2574,33,1117,2Sam,14
2575,37,1118,2Sam,15
2576,23,738,2Sam,16
2577,29,935,2Sam,17
2578,33,1096,2Sam,18
2579,43,1473,2Sam,19
2580,26,848,2Sam,20
2581,22,778,2Sam,21
2582,51,951,2Sam,22
2583,39,878,2Sam,23
2584,25,855,2Sam,24
2817,53,1500,1Kgs,1
2818,46,1510,1Kgs,2
2819,28,850,1Kgs,3
2820,34,706,1Kgs,4
2821,18,527,1Kgs,5
2822,38,1018,1Kgs,6
2823,51,1482,1Kgs,7
2824,66,2139,1Kgs,8
2825,28,826,1Kgs,9
2826,29,839,1Kgs,10
2827,43,1253,1Kgs,11
2828,33,1038,1Kgs,12
2829,34,1138,1Kgs,13
2830,31,987,1Kgs,14
2831,34,951,1Kgs,15
2832,34,1035,1Kgs,16
2833,24,680,1Kgs,17
2834,46,1397,1Kgs,18
2835,21,732,1Kgs,19
2836,43,1480,1Kgs,20
2837,29,908,1Kgs,21
2838,53,1517,1Kgs,22
3073,18,669,2Kgs,1
3074,25,848,2Kgs,2
3075,27,848,2Kgs,3
3076,44,1369,2Kgs,4
3077,27,975,2Kgs,5
3078,33,1019,2Kgs,6
3079,20,824,2Kgs,7
3080,29,953,2Kgs,8
3081,37,1205,2Kgs,9
3082,36,1203,2Kgs,10
3083,21,738,2Kgs,11
3084,21,688,2Kgs,12
3085,25,775,2Kgs,13
3086,29,881,2Kgs,14
3087,38,1092,2Kgs,15
3088,20,656,2Kgs,16
3089,41,1245,2Kgs,17
3090,37,1220,2Kgs,18
3091,37,1147,2Kgs,19
3092,21,660,2Kgs,20
3093,26,747,2Kgs,21
3094,20,712,2Kgs,22
3095,37,1477,2Kgs,23
3096,20,584,2Kgs,24
3097,30,982,2Kgs,25
3329,54,683,1Chr,1
3330,55,846,1Chr,2
3331,24,347,1Chr,3
3332,43,852,1Chr,4
3333,26,664,1Chr,5
3334,81,1341,1Chr,6
3335,40,831,1Chr,7
3336,40,491,1Chr,8
3337,44,960,1Chr,9
3338,14,364,1Chr,10
3339,47,944,1Chr,11
3340,40,987,1Chr,12
3341,14,386,1Chr,13
3342,17,357,1Chr,14
3343,29,714,1Chr,15
3344,43,850,1Chr,16
3345,27,779,1Chr,17
3346,17,399,1Chr,18
3347,19,630,1Chr,19
3348,8,289,1Chr,20
3349,30,914,1Chr,21
3350,19,605,1Chr,22
3351,32,681,1Chr,23
3352,31,541,1Chr,24
3353,31,543,1Chr,25
3354,32,710,1Chr,26
3355,34,805,1Chr,27
3356,21,864,1Chr,28
3357,30,988,1Chr,29
3585,17,530,2Chr,1
3586,18,645,2Chr,2
3587,17,481,2Chr,3
3588,22,595,2Chr,4
3589,14,497,2Chr,5
3590,42,1402,2Chr,6
3591,22,748,2Chr,7
3592,18,536,2Chr,8
3593,31,882,2Chr,9
3594,19,560,2Chr,10
3595,23,486,2Chr,11
3596,16,481,2Chr,12
3597,22,642,2Chr,13
3598,15,448,2Chr,14
3599,19,518,2Chr,15
3600,14,479,2Chr,16
3601,19,459,2Chr,17
3602,34,1050,2Chr,18
3603,11,352,2Chr,19
3604,37,1148,2Chr,20
3605,20,623,2Chr,21
3606,12,444,2Chr,22
3607,21,788,2Chr,23
3608,27,933,2Chr,24
3609,28,970,2Chr,25
3610,23,721,2Chr,26
3611,9,244,2Chr,27
3612,27,896,2Chr,28
3613,36,1157,2Chr,29
3614,27,869,2Chr,30
3615,21,757,2Chr,31
3616,33,1084,2Chr,32
3617,25,780,2Chr,33
3618,33,1223,2Chr,34
3619,27,900,2Chr,35
3620,23,741,2Chr,36
3841,11,371,Ezra,1
3842,70,998,Ezra,2
3843,13,547,Ezra,3
3844,24,769,Ezra,4
3845,17,583,Ezra,5
3846,22,778,Ezra,6
3847,28,863,Ezra,7
3848,36,990,Ezra,8
3849,15,617,Ezra,9
3850,44,924,Ezra,10
4097,11,390,Neh,1
4098,20,718,Neh,2
4099,32,896,Neh,3
4100,23,716,Neh,4
4101,19,636,Neh,5
4102,19,602,Neh,6
4103,73,1176,Neh,7
4104,18,686,Neh,8
4105,38,1328,Neh,9
4106,39,652,Neh,10
4107,36,788,Neh,11
4108,47,930,Neh,12
4109,31,962,Neh,13
4353,22,716,Esth,1
4354,23,806,Esth,2
4355,15,552,Esth,3
4356,17,517,Esth,4
4357,14,494,Esth,5
4358,14,476,Esth,6
4359,10,345,Esth,7
4360,17,650,Esth,8
4361,32,984,Esth,9
4362,3,93,Esth,10
4609,22,641,Job,1
4610,13,387,Job,2
4611,26,434,Job,3
4612,21,336,Job,4
4613,27,446,Job,5
4614,30,482,Job,6
4615,21,394,Job,7
4616,22,340,Job,8
4617,35,544,Job,9
4618,22,402,Job,10
4619,20,337,Job,11
4620,25,399,Job,12
4621,28,413,Job,13
4622,22,410,Job,14
4623,35,549,Job,15
4624,22,375,Job,16
4625,16,262,Job,17
4626,21,342,Job,18
4627,29,475,Job,19
4628,29,521,Job,20
4629,34,522,Job,21
4630,30,482,Job,22
4631,17,280,Job,23
4632,25,481,Job,24
4633,6,90,Job,25
4634,14,206,Job,26
4635,23,373,Job,27
4636,28,455,Job,28
4637,25,404,Job,29
4638,31,514,Job,30
4639,40,691,Job,31
4640,22,375,Job,32
4641,33,525,Job,33
4642,37,615,Job,34
4643,16,254,Job,35
4644,33,495,Job,36
4645,24,402,Job,37
4646,41,659,Job,38
4647,30,477,Job,39
4648,24,361,Job,40
4649,34,507,Job,41
4650,17,441,Job,42
4865,6,130,Ps,1
4866,12,206,Ps,2
4867,8,139,Ps,3
4868,8,165,Ps,4
4869,12,245,Ps,5
4870,10,159,Ps,6
4871,17,327,Ps,7
4872,9,166,Ps,8
4873,20,367,Ps,9
4874,18,350,Ps,10
4875,7,128,Ps,11
4876,8,147,Ps,12
4877,6,107,Ps,13
4878,7,149,Ps,14
4879,5,99,Ps,15
4880,11,206,Ps,16
4881,15,311,Ps,17
4882,50,918,Ps,18
4883,14,272,Ps,19
4884,9,144,Ps,20
4885,13,246,Ps,21
4886,31,580,Ps,22
4887,6,118,Ps,23
4888,10,178,Ps,24
4889,22,342,Ps,25
4890,12,183,Ps,26
4891,14,340,Ps,27
4892,9,201,Ps,28
4893,11,179,Ps,29
4894,12,231,Ps,30
4895,24,498,Ps,31
4896,11,241,Ps,32
4897,22,350,Ps,33
4898,22,347,Ps,34
4899,28,564,Ps,35
4900,12,223,Ps,36
4901,40,702,Ps,37
4902,22,361,Ps,38
4903,13,270,Ps,39
4904,17,400,Ps,40
4905,13,240,Ps,41
4906,11,280,Ps,42
4907,5,130,Ps,43
4908,26,451,Ps,44
4909,17,327,Ps,45
4910,11,204,Ps,46
4911,9,143,Ps,47
4912,14,229,Ps,48
4913,20,337,Ps,49
4914,23,400,Ps,50
4915,19,322,Ps,51
4916,9,165,Ps,52
4917,6,152,Ps,53
4918,7,110,Ps,54
4919,23,435,Ps,55
4920,13,225,Ps,56
4921,11,230,Ps,57
4922,11,218,Ps,58
4923,17,339,Ps,59
4924,12,211,Ps,60
4925,8,133,Ps,61
4926,12,228,Ps,62
4927,11,194,Ps,63
4928,10,184,Ps,64
4929,13,267,Ps,65
4930,20,327,Ps,66
4931,7,111,Ps,67
4932,35,698,Ps,68
4933,36,670,Ps,69
4934,5,102,Ps,70
4935,24,471,Ps,71
4936,20,369,Ps,72
4937,28,423,Ps,73
4938,23,413,Ps,74
4939,10,189,Ps,75
4940,12,193,Ps,76
4941,20,330,Ps,77
4942,72,1225,Ps,78
4943,13,277,Ps,79
4944,19,334,Ps,80
4945,16,288,Ps,81
4946,8,116,Ps,82
4947,18,273,Ps,83
4948,12,226,Ps,84
4949,13,207,Ps,85
4950,17,312,Ps,86
4951,7,113,Ps,87
4952,18,296,Ps,88
4953,52,879,Ps,89
4954,17,320,Ps,90
4955,16,288,Ps,91
4956,15,258,Ps,92
4957,5,92,Ps,93
4958,23,356,Ps,94
4959,11,199,Ps,95
4960,13,226,Ps,96
4961,12,189,Ps,97
4962,9,170,Ps,98
4963,9,157,Ps,99
4964,5,86,Ps,100
4965,8,173,Ps,101
4966,28,455,Ps,102
4967,22,342,Ps,103
4968,35,598,Ps,104
4969,45,632,Ps,105
4970,48,762,Ps,106
4971,43,685,Ps,107
4972,13,206,Ps,108
4973,31,534,Ps,109
4974,7,142,Ps,110
4975,10,177,Ps,111
4976,10,172,Ps,112
4977,9,142,Ps,113
4978,8,106,Ps,114
4979,18,274,Ps,115
4980,19,287,Ps,116
4981,2,33,Ps,117
4982,29,465,Ps,118
4983,176,2423,Ps,119
4984,7,88,Ps,120
4985,8,110,Ps,121
4986,9,124,Ps,122
4987,4,94,Ps,123
4988,8,121,Ps,124
4989,5,108,Ps,125
4990,6,94,Ps,126
4991,5,110,Ps,127
4992,6,101,Ps,128
4993,8,119,Ps,129
4994,8,116,Ps,130
4995,3,60,Ps,131
4996,18,276,Ps,132
4997,3,69,Ps,133
4998,3,44,Ps,134
4999,21,329,Ps,135
5000,26,353,Ps,136
5001,9,165,Ps,137
5002,8,172,Ps,138
5003,24,410,Ps,139
5004,13,239,Ps,140
5005,10,203,Ps,141
5006,7,151,Ps,142
5007,12,252,Ps,143
5008,15,302,Ps,144
5009,21,331,Ps,145
5010,10,178,Ps,146
5011,20,299,Ps,147
5012,14,202,Ps,148
5013,9,143,Ps,149
5014,6,85,Ps,150
5121,33,519,Prov,1
5122,22,309,Prov,2
5123,35,541,Prov,3
5124,27,418,Prov,4
5125,23,354,Prov,5
5126,35,546,Prov,6
5127,27,411,Prov,7
5128,36,562,Prov,8
5129,18,288,Prov,9
5130,32,527,Prov,10
5131,31,524,Prov,11
5132,28,476,Prov,12
5133,25,400,Prov,13
5134,35,572,Prov,14
5135,33,544,Prov,15
5136,33,543,Prov,16
5137,28,476,Prov,17
5138,24,381,Prov,18
5139,29,506,Prov,19
5140,30,498,Prov,20
5141,31,501,Prov,21
5142,29,495,Prov,22
5143,35,566,Prov,23
5144,34,580,Prov,24
5145,28,522,Prov,25
5146,28,459,Prov,26
5147,27,460,Prov,27
5148,28,528,Prov,28
5149,27,425,Prov,29
5150,33,640,Prov,30
5151,31,467,Prov,31
5377,18,380,Eccl,1
5378,26,734,Eccl,2
5379,22,517,Eccl,3
5380,16,380,Eccl,4
5381,20,533,Eccl,5
5382,12,301,Eccl,6
5383,29,617,Eccl,7
5384,17,515,Eccl,8
5385,18,555,Eccl,9
5386,20,402,Eccl,10
5387,10,273,Eccl,11
5388,14,372,Eccl,12
5633,17,326,Song,1
5634,17,351,Song,2
5635,11,287,Song,3
5636,16,363,Song,4
5637,16,397,Song,5
5638,13,282,Song,6
5639,13,292,Song,7
5640,14,360,Song,8
5889,31,758,Isa,1
5890,22,567,Isa,2
5891,26,587,Isa,3
5892,6,209,Isa,4
5893,30,863,Isa,5
5894,13,366,Isa,6
5895,25,693,Isa,7
5896,22,558,Isa,8
5897,21,599,Isa,9
5898,34,928,Isa,10
5899,16,519,Isa,11
5900,6,134,Isa,12
5901,22,576,Isa,13
5902,32,856,Isa,14
5903,9,266,Isa,15
5904,14,415,Isa,16
5905,14,428,Isa,17
5906,7,255,Isa,18
5907,25,730,Isa,19
5908,6,169,Isa,20
5909,17,417,Isa,21
5910,25,676,Isa,22
5911,18,469,Isa,23
5912,23,592,Isa,24
5913,12,381,Isa,25
5914,21,550,Isa,26
5915,13,405,Isa,27
5916,29,814,Isa,28
5917,24,742,Isa,29
5918,33,1059,Isa,30
5919,9,322,Isa,31
5920,20,436,Isa,32
5921,24,585,Isa,33
5922,17,522,Isa,34
5923,10,277,Isa,35
5924,22,690,Isa,36
5925,38,1131,Isa,37
5926,22,592,Isa,38
5927,8,268,Isa,39
5928,31,796,Isa,40
5929,29,804,Isa,41
5930,25,676,Isa,42
5931,28,711,Isa,43
5932,28,886,Isa,44
5933,25,774,Isa,45
5934,13,342,Isa,46
5935,15,471,Isa,47
5936,22,627,Isa,48
5937,26,867,Isa,49
5938,11,365,Isa,50
5939,23,771,Isa,51
5940,15,405,Isa,52
5941,12,387,Isa,53
5942,17,493,Isa,54
5943,13,399,Isa,55
5944,12,361,Isa,56
5945,21,569,Isa,57
5946,14,521,Isa,58
5947,21,590,Isa,59
5948,22,665,Isa,60
5949,11,380,Isa,61
5950,12,362,Isa,62
5951,19,538,Isa,63
5952,12,308,Isa,64
5953,25,753,Isa,65
5954,24,811,Isa,66
6145,19,528,Jer,1
6146,37,1019,Jer,2
6147,25,802,Jer,3
6148,31,861,Jer,4
6149,31,874,Jer,5
6150,30,827,Jer,6
6151,34,970,Jer,7
6152,22,706,Jer,8
6153,26,772,Jer,9
6154,25,674,Jer,10
6155,23,749,Jer,11
6156,17,544,Jer,12
6157,27,739,Jer,13
6158,22,688,Jer,14
6159,21,702,Jer,15
6160,21,699,Jer,16
6161,27,829,Jer,17
6162,23,659,Jer,18
6163,15,541,Jer,19
6164,18,594,Jer,20
6165,14,498,Jer,21
6166,30,837,Jer,22
6167,40,1186,Jer,23
6168,10,361,Jer,24
6169,38,1138,Jer,25
6170,24,800,Jer,26
6171,22,762,Jer,27
6172,17,540,Jer,28
6173,32,1005,Jer,29
6174,24,717,Jer,30
6175,40,1294,Jer,31
6176,44,1432,Jer,32
6177,26,842,Jer,33
6178,22,824,Jer,34
6179,19,657,Jer,35
6180,32,1110,Jer,36
6181,21,611,Jer,37
6182,28,984,Jer,38
6183,18,545,Jer,39
6184,16,681,Jer,40
6185,18,664,Jer,41
6186,22,774,Jer,42
6187,13,460,Jer,43
6188,30,1228,Jer,44
6189,5,152,Jer,45
6190,28,821,Jer,46
6191,7,215,Jer,47
6192,47,1172,Jer,48
6193,39,1180,Jer,49
6194,46,1460,Jer,50
6195,64,1853,Jer,51
6196,34,1074,Jer,52
6401,22,758,Lam,1
6402,22,883,Lam,2
6403,66,876,Lam,3
6404,22,598,Lam,4
6405,22,296,Lam,5
6657,28,870,Ezek,1
6658,10,273,Ezek,2
6659,27,809,Ezek,3
6660,17,519,Ezek,4
6661,17,628,Ezek,5
6662,14,470,Ezek,6
6663,27,768,Ezek,7
6664,18,655,Ezek,8
6665,11,400,Ezek,9
6666,22,659,Ezek,10
6667,25,721,Ezek,11
6668,28,799,Ezek,12
6669,23,738,Ezek,13
6670,23,746,Ezek,14
6671,8,205,Ezek,15
6672,63,1820,Ezek,16
6673,24,773,Ezek,17
6674,32,919,Ezek,18
6675,14,356,Ezek,19
6676,49,1601,Ezek,20
6677,32,945,Ezek,21
6678,31,840,Ezek,22
6679,49,1322,Ezek,23
6680,27,774,Ezek,24
6681,17,507,Ezek,25
6682,21,727,Ezek,26
6683,36,907,Ezek,27
6684,26,809,Ezek,28
6685,21,714,Ezek,29
6686,26,760,Ezek,30
6687,18,680,Ezek,31
6688,32,1077,Ezek,32
6689,33,1071,Ezek,33
6690,31,958,Ezek,34
6691,15,402,Ezek,35
6692,38,1180,Ezek,36
6693,28,870,Ezek,37
6694,23,776,Ezek,38
6695,29,928,Ezek,39
6696,49,1530,Ezek,40
6697,26,802,Ezek,41
6698,20,568,Ezek,42
6699,27,907,Ezek,43
6700,31,1031,Ezek,44
6701,25,882,Ezek,45
6702,24,880,Ezek,46
6703,23,780,Ezek,47
6704,35,1045,Ezek,48
6913,21,589,Dan,1
6914,49,1500,Dan,2
6915,30,992,Dan,3
6916,37,1290,Dan,4
6917,31,995,Dan,5
6918,28,905,Dan,6
6919,28,926,Dan,7
6920,27,852,Dan,8
6921,27,966,Dan,9
6922,21,647,Dan,10
6923,45,1529,Dan,11
6924,13,411,Dan,12
7169,11,355,Hos,1
7170,23,678,Hos,2
7171,5,156,Hos,3
7172,19,465,Hos,4
7173,15,368,Hos,5
7174,11,254,Hos,6
7175,16,398,Hos,7
7176,14,330,Hos,8
7177,17,468,Hos,9
7178,15,425,Hos,10
7179,12,308,Hos,11
7180,14,311,Hos,12
7181,16,426,Hos,13
7182,9,232,Hos,14
7425,20,508,Joel,1
7426,32,958,Joel,2
7427,21,567,Joel,3
7681,15,455,Amos,1
7682,16,441,Amos,2
7683,15,397,Amos,3
7684,13,432,Amos,4
7685,27,658,Amos,5
7686,14,399,Amos,6
7687,17,471,Amos,7
7688,14,414,Amos,8
7689,15,549,Amos,9
7937,21,669,Obad,1
8193,17,514,Jonah,1
8194,10,214,Jonah,2
8195,10,260,Jonah,3
8196,11,332,Jonah,4
8449,16,452,Mic,1
8450,13,400,Mic,2
8451,12,354,Mic,3
8452,13,476,Mic,4
8453,15,447,Mic,5
8454,16,440,Mic,6
8455,20,583,Mic,7
8705,15,394,Nah,1
8706,13,371,Nah,2
8707,19,519,Nah,3
8961,17,423,Hab,1
8962,20,563,Hab,2
8963,19,489,Hab,3
9217,18,555,Zeph,1
9218,15,463,Zeph,2
9219,20,598,Zeph,3
9473,15,451,Hag,1
9474,23,679,Hag,2
9729,21,622,Zech,1
9730,13,317,Zech,2
9731,10,296,Zech,3
9732,14,365,Zech,4
9733,11,338,Zech,5
9734,15,424,Zech,6
9735,14,378,Zech,7
9736,23,703,Zech,8
9737,17,537,Zech,9
9738,12,408,Zech,10
9739,17,502,Zech,11
9740,14,462,Zech,12
9741,9,337,Zech,13
9742,21,754,Zech,14
9985,14,487,Mal,1
9986,17,546,Mal,2
9987,18,565,Mal,3
9988,6,183,Mal,4
10241,25,473,Matt,1
10242,23,619,Matt,2
10243,17,387,Matt,3
10244,25,557,Matt,4
10245,48,1081,Matt,5
10246,34,794,Matt,6
10247,29,626,Matt,7
10248,34,773,Matt,8
10249,38,837,Matt,9
10250,42,919,Matt,10
10251,30,668,Matt,11
10252,50,1168,Matt,12
10253,58,1367,Matt,13
10254,36,721,Matt,14
10255,39,785,Matt,15
10256,28,688,Matt,16
10257,27,620,Matt,17
10258,35,869,Matt,18
10259,30,719,Matt,19
10260,34,779,Matt,20
10261,46,1126,Matt,21
10262,46,828,Matt,22
10263,39,833,Matt,23
10264,51,1047,Matt,24
10265,46,995,Matt,25
10266,75,1625,Matt,26
10267,66,1359,Matt,27
10268,20,421,Matt,28
10497,45,930,Mark,1
10498,28,724,Mark,2
10499,35,663,Mark,3
10500,41,923,Mark,4
10501,43,952,Mark,5
10502,56,1323,Mark,6
10503,37,806,Mark,7
10504,38,842,Mark,8
10505,50,1164,Mark,9
10506,52,1218,Mark,10
10507,33,778,Mark,11
10508,44,1058,Mark,12
10509,37,828,Mark,13
10510,72,1595,Mark,14
10511,47,913,Mark,15
10512,20,449,Mark,16
10753,80,1583,Luke,1
10754,52,1094,Luke,2
10755,38,1017,Luke,3
10756,44,1021,Luke,4
10757,39,949,Luke,5
10758,49,1229,Luke,6
10759,50,1209,Luke,7
10760,56,1431,Luke,8
10761,62,1457,Luke,9
10762,42,992,Luke,10
10763,54,1331,Luke,11
10764,59,1407,Luke,12
10765,35,864,Luke,13
10766,35,812,Luke,14
10767,32,725,Luke,15
10768,31,752,Luke,16
10769,37,809,Luke,17
10770,43,868,Luke,18
10771,48,1047,Luke,19
10772,47,954,Luke,20
10773,38,820,Luke,21
10774,71,1396,Luke,22
10775,56,1117,Luke,23
10776,53,1055,Luke,24
11009,51,1004,John,1
11010,25,510,John,2
11011,36,763,John,3
11012,54,1094,John,4
11013,47,1001,John,5
11014,71,1506,John,6
11015,53,1002,John,7
11016,59,1307,John,8
11017,41,876,John,9
11018,42,820,John,10
11019,57,1157,John,11
11020,50,1060,John,12
11021,38,826,John,13
11022,31,731,John,14
11023,27,613,John,15
11024,33,789,John,16
11025,26,636,John,17
11026,40,947,John,18
11027,42,1010,John,19
11028,31,749,John,20
11029,25,693,John,21
11265,26,661,Acts,1
11266,47,1021,Acts,2
11267,26,634,Acts,3
11268,37,865,Acts,4
11269,42,1026,Acts,5
11270,15,355,Acts,6
11271,60,1430,Acts,7
11272,40,883,Acts,8
11273,43,1046,Acts,9
11274,48,1108,Acts,10
11275,30,667,Acts,11
11276,25,662,Acts,12
11277,52,1272,Acts,13
11278,28,627,Acts,14
11279,41,925,Acts,15
11280,40,943,Acts,16
11281,34,855,Acts,17
11282,28,664,Acts,18
11283,41,975,Acts,19
11284,38,882,Acts,20
11285,40,1067,Acts,21
11286,30,773,Acts,22
11287,35,921,Acts,23
11288,27,640,Acts,24
11289,27,711,Acts,25
11290,32,781,Acts,26
11291,44,1033,Acts,27
11292,31,818,Acts,28
11521,32,714,Rom,1
11522,29,604,Rom,2
11523,31,562,Rom,3
11524,25,546,Rom,4
11525,21,480,Rom,5
11526,23,484,Rom,6
11527,25,605,Rom,7
11528,39,903,Rom,8
11529,33,719,Rom,9
11530,21,461,Rom,10
11531,36,818,Rom,11
11532,21,397,Rom,12
11533,14,361,Rom,13
11534,23,525,Rom,14
11535,33,742,Rom,15
11536,27,501,Rom,16
11777,31,649,1Cor,1
11778,16,373,1Cor,2
11779,23,459,1Cor,3
11780,21,509,1Cor,4
11781,13,321,1Cor,5
11782,20,465,1Cor,6
11783,40,959,1Cor,7
11784,13,309,1Cor,8
11785,27,671,1Cor,9
11786,33,667,1Cor,10
11787,34,718,1Cor,11
11788,31,593,1Cor,12
11789,13,270,1Cor,13
11790,40,887,1Cor,14
11791,58,1166,1Cor,15
11792,24,446,1Cor,16
12033,24,591,2Cor,1
12034,17,401,2Cor,2
12035,18,389,2Cor,3
12036,18,406,2Cor,4
12037,21,487,2Cor,5
12038,18,357,2Cor,6
12039,16,452,2Cor,7
12040,24,568,2Cor,8
12041,15,355,2Cor,9
12042,18,437,2Cor,10
12043,33,718,2Cor,11
12044,21,589,2Cor,12
12045,14,315,2Cor,13
12289,24,453,Gal,1
12290,21,573,Gal,2
12291,29,648,Gal,3
12292,31,610,Gal,4
12293,26,447,Gal,5
12294,18,353,Gal,6
12545,23,508,Eph,1
12546,22,453,Eph,2
12547,21,410,Eph,3
12548,32,617,Eph,4
12549,33,564,Eph,5
12550,24,470,Eph,6
12801,30,632,Phil,1
12802,30,601,Phil,2
12803,21,483,Phil,3
12804,23,467,Phil,4
13057,29,656,Col,1
13058,23,503,Col,2
13059,25,457,Col,3
13060,18,363,Col,4
13313,10,253,1Thess,1
13314,20,479,1Thess,2
13315,13,295,1Thess,3
13316,18,396,1Thess,4
13317,28,414,1Thess,5
13569,12,291,2Thess,1
13570,17,381,2Thess,2
13571,18,350,2Thess,3
13825,20,432,1Tim,1
13826,15,247,1Tim,2
13827,16,324,1Tim,3
13828,16,310,1Tim,4
13829,25,470,1Tim,5
13830,21,461,1Tim,6
14081,18,438,2Tim,1
14082,26,506,2Tim,2
14083,17,297,2Tim,3
14084,22,425,2Tim,4
14337,16,337,Titus,1
14338,15,265,Titus,2
14339,15,294,Titus,3
14593,25,430,Phlm,1
14849,14,338,Heb,1
14850,18,472,Heb,2
14851,19,362,Heb,3
14852,16,404,Heb,4
14853,14,321,Heb,5
14854,20,425,Heb,6
14855,28,607,Heb,7
14856,13,387,Heb,8
14857,28,678,Heb,9
14858,39,784,Heb,10
14859,40,922,Heb,11
14860,29,696,Heb,12
14861,25,501,Heb,13
15105,27,544,Jas,1
15106,26,528,Jas,2
15107,18,378,Jas,3
15108,17,369,Jas,4
15109,20,485,Jas,5
15361,25,597,1Pet,1
15362,25,549,1Pet,2
15363,22,551,1Pet,3
15364,19,479,1Pet,4
15365,14,300,1Pet,5
15617,21,488,2Pet,1
15618,22,581,2Pet,2
15619,18,484,2Pet,3
15873,10,247,1John,1
15874,29,736,1John,2
15875,24,534,1John,3
15876,21,480,1John,4
15877,21,520,1John,5
16129,13,298,2John,1
16385,14,294,3John,1
16641,25,608,Jude,1
16897,20,592,Rev,1
16898,29,802,Rev,2
16899,22,658,Rev,3
16900,11,348,Rev,4
16901,14,435,Rev,5
16902,17,540,Rev,6
16903,17,491,Rev,7
16904,13,397,Rev,8
16905,21,592,Rev,9
16906,11,353,Rev,10
16907,19,580,Rev,11
16908,17,497,Rev,12
16909,18,538,Rev,13
16910,20,651,Rev,14
16911,8,252,Rev,15
16912,21,567,Rev,16
16913,18,522,Rev,17
16914,24,747,Rev,18
16915,21,634,Rev,19
16916,15,477,Rev,20
16917,27,749,Rev,21
16918,21,573,Rev,22
